type,tool,site,description
常用推荐,q,https://dribbble.com/,111
常用推荐,q,https://dribbble.com/,111
常用推荐,q,https://dribbble.com/,111
常用推荐,q,https://dribbble.com/,111
常用推荐,q,https://dribbble.com/,111
常用推荐,q,https://dribbble.com/,111
常用推荐,q,https://dribbble.com/,111
常用推荐,q,https://dribbble.com/,111
常推荐,q,https://dribbble.com/,111
常推荐,q,https://dribbble.com/,111
常推荐,q,https://dribbble.com/,111
常推荐,q,https://dribbble.com/,111
常推荐,q,https://dribbble.com/,111
常推荐,q,https://dribbble.com/,111
常荐-1,q,https://dribbble.com/,111
常荐-2,q,https://dribbble.com/,111